requirement,title,status,effective_status,review_state,completeness,confidence,priority,missing_elements,primary_source,rationale,method,requirement_set,run_id
GRI 305-1,Direct (Scope 1) GHG emissions,Supported,Supported,unreviewed,1.00,0.95,0.0,,Sustainability report FY2025 p.4,"All required elements for GRI 305-1 are directly addressed: value and period from ev_2bcdd596b43ca7418941/ev_7c9bc9e364dbd9e8e7a5, boundary from ev_eb323b4dbf22143b6977, methodology, gases, factors from ev_2c7a41045e61ada62bf8, and base year from ev_8080137dea4660994ecd.",hybrid,gri-302-305-2016@1.0.0,run_01m4gcq9cmbf3mze3bpf7pk5hk
GRI 305-2,Energy indirect (Scope 2) GHG emissions,Supported,Supported,unreviewed,1.00,0.95,0.0,,Sustainability report FY2025 p.4,"All required elements are clearly documented in the FY2025 sustainability report: location-based Scope 2 value (21,940 tCO2e), reporting period FY2025, operational control consolidation, GHG Protocol methodology, and UK Government emission factor source.",hybrid,gri-302-305-2016@1.0.0,run_01m4gcq9cmbf3mze3bpf7pk5hk
GRI 305-3,Other indirect (Scope 3) GHG emissions,Partially supported,Partially supported,unreviewed,0.43,0.94,0.32,Gross Scope 3 emissions value (tCO2e); Reporting period stated with the figure,Sustainability report FY2025 p.5,"The passages confirm categories and methodology but state that Scope 3 emissions are not yet quantified and no period is linked to a figure, so value and period elements are not satisfied.",hybrid,gri-302-305-2016@1.0.0,run_01m4gcq9cmbf3mze3bpf7pk5hk
GRI 305-4,GHG emissions intensity,Supported,Supported,unreviewed,1.00,0.95,0.0,,Sustainability report FY2025 p.4,"The report provides the GHG intensity ratio of 0.172 tCO2e/tonne product for FY2025, specifies the denominator as tonnes of product, and states the ratio covers Scope 1 and Scope 2 emissions.",hybrid,gri-302-305-2016@1.0.0,run_01m4gcq9cmbf3mze3bpf7pk5hk
GRI 305-5,Reduction of GHG emissions,Supported,Supported,unreviewed,1.00,0.95,0.0,,Sustainability report FY2025 p.7,"All required elements are directly addressed in the reduction statement on page 7, which provides the amount, baseline year (2024), Scope 1 coverage, and description of the kiln heat‑recovery and electric loader initiatives.",hybrid,gri-302-305-2016@1.0.0,run_01m4gcq9cmbf3mze3bpf7pk5hk
GRI 302-1,Energy consumption within the organization,Conflicting evidence,Conflicting evidence,unreviewed,1.00,0.74,0.64,,Sustainability report FY2025 p.6,"Total energy consumption has conflicting figures (412,300 MWh vs 1,532,000 GJ), making the element unclear. Fuel consumption (natural gas) and electricity consumption are clearly disclosed (ev_9a05509046d0fdf4976b, ev_8a83c082837f5a593f30). Reporting period FY2025 is stated with the figures (ev_43ee3ac9fd3662700e82). Source of conversion factors is provided (ev_b24b03dc6f8c1f4e99dd).",hybrid,gri-302-305-2016@1.0.0,run_01m4gcq9cmbf3mze3bpf7pk5hk
GRI 302-3,Energy intensity,Supported,Supported,unreviewed,1.00,0.95,0.0,,Sustainability report FY2025 p.6,"The report provides the energy intensity ratio of 1.01 MWh/tonne for FY2025, specifies the denominator as electricity consumed within the organization, and states that the intensity covers fuel and electricity consumed within the organization.",hybrid,gri-302-305-2016@1.0.0,run_01m4gcq9cmbf3mze3bpf7pk5hk
GRI 302-4,Reduction of energy consumption,Supported,Supported,unreviewed,1.00,0.95,0.0,,Sustainability report FY2025 p.7,"The passage ev_f38d48c444a257dbd8bd provides the reduction amount, baseline year, and identifies natural gas as the energy type, satisfying all three required elements.",hybrid,gri-302-305-2016@1.0.0,run_01m4gcq9cmbf3mze3bpf7pk5hk
GRI 2-5,External assurance,Partially supported,Partially supported,unreviewed,0.75,0.95,0.14,Assurance standard applied,Sustainability report FY2025 p.2,"The report states the 2025 data were not externally assured and that limited assurance will be sought for Scope 1 and 2 emissions in 2026, satisfying the statement and scope elements. No assurance standard is disclosed.",hybrid,gri-302-305-2016@1.0.0,run_01m4gcq9cmbf3mze3bpf7pk5hk
